yld;year;loc;rep;blk;plt;pgl;gen;TKM;HLG;MT;RH;NF;ZR;;;;
75,65217391;y18;wvb;r1;b3;124;RGS001;101MER01;34,16;65,9;;6,0;;5,0;;;;
79,13043478;y18;wvb;r1;b2;61;RGS002;101MER02;32,68;61,6;6,0;;;5,0;;;;
69,85507246;y18;wvb;r1;b2;64;RGS003;101MER03;38,23;66,0;;;;;;;;
84,05797101;y18;wvb;r1;b3;170;RGS004;101MER04;36,46;67,9;;7,0;;;;;;
81,15942029;y18;wvb;r1;b5;243;RGS005;101MER05;33,50;69,1;;7,0;;;;;;
89,85507246;y18;wvb;r1;b2;75;RGS006;101MER06;41,74;69,9;5,0;;;;;;;
83,76811594;y18;wvb;r1;b5;277;RGS007;101MER07;38,92;67,9;;7,0;;5,0;;;;
88,69565217;y18;wvb;r1;b1;22;RGS008;101MER08;36,30;69,9;;;;;;;;
71,88405797;y18;wvb;r1;b4;189;RGS009;101MER09;35,06;62,3;5,0;;;;;;;
89,27536232;y18;wvb;r1;b2;70;RGS010;101MER10;32,43;69,2;4,0;5,0;;;;;;
91,30434783;y18;wvb;r1;b2;97;RGS011;101MER11;50,58;72,0;4,0;5,0;;;;;;
73,33333333;y18;wvb;r1;b3;121;RGS012;101MER12;34,68;67,2;6,0;;;;;;;
72,46376812;y18;wvb;r1;b4;186;RGS013;101MER13;35,38;67,3;3,0;5,0;;;;;;
97,10144928;y18;wvb;r1;b2;88;RGS014;101MER14;39,93;66,7;;8,0;;;;;;
65,2173913;y18;wvb;r1;b5;298;RGS015;101MER15;31,03;65,6;9,0;6,0;;;;;;
101,4492754;y18;wvb;r1;b2;91;RGS016;101MER16;31,39;70,8;;3,0;;;;;;
69,27536232;y18;wvb;r1;b2;62;RGS017;101MER17;32,01;67,1;;5,0;;;;;;
84,63768116;y18;wvb;r1;b2;109;RGS018;101MER18;29,27;67,1;6,0;;;;;;;
88,69565217;y18;wvb;r1;b3;138;RGS019;101MER19;35,69;66,5;;;;;;;;
55,07246377;y18;wvb;r1;b1;56;RGS020;101QUA01;34,31;67,7;;7,0;;;;;;
95,36231884;y18;wvb;r1;b2;80;RGS021;101JEN01;33,01;67,2;;5,0;;;;;;
88,11594203;y18;wvb;r1;b3;156;RGS022;101JEN02;35,75;69,3;4,0;;;;;;;
85,2173913;y18;wvb;r1;b2;111;RGS023;101JEN03;33,64;66,2;3,0;;;;;;;
81,73913043;y18;wvb;r1;b3;128;RGS024;101JEN04;;;;;;;;;;
78,84057971;y18;wvb;r1;b2;108;RGS025;101JEN05;34,17;65,2;7,0;;;;;;;
64,92753623;y18;wvb;r1;b5;300;RGS026;101JEN06;38,82;67,9;;;5,0;;;;;
88,98550725;y18;wvb;r1;b4;217;RGS027;101JEN07;37,46;64,3;4,0;;;;;;;
61,73913043;y18;wvb;r1;b1;7;RGS028;101JEN08;34,24;68,5;;5,0;;;;;;
55,07246377;y18;wvb;r1;b5;295;RGS029;101JEN09;43,01;69,4;3,0;;;;;;;
76,52173913;y18;wvb;r1;b3;120;RGS030;101JEN10;36,71;67,9;7,0;;5,0;;;;;
102,3188406;y18;wvb;r1;b3;142;RGS031;101JEN11;37,69;66,9;;;;;;;;
83,76811594;y18;wvb;r1;b4;199;RGS032;101JEN12;34,71;68,6;;;;;;;;
77,97101449;y18;wvb;r1;b5;282;RGS033;101ETI01;43,82;67,2;;;;;;;;
82,89855072;y18;wvb;r1;b1;44;RGS034;101ETI02;38,44;68,1;;4,0;;;;;;
92,17391304;y18;wvb;r1;b4;210;RGS035;101ETI03;36,73;69,7;6,0;;;;;;;
68,69565217;y18;wvb;r1;b5;242;RGS036;101ETI04;32,15;68,0;7,0;;;;;;;
86,95652174;y18;wvb;r1;b4;198;RGS037;101ETI05;42,72;72,5;7,0;;;;;;;
57,68115942;y18;wvb;r1;b5;294;RGS038;101ETI06;32,38;59,9;5,0;;;;;;;
72,17391304;y18;wvb;r1;b4;226;RGS039;101ETI07;31,98;65,5;4,0;7,0;;;;;;
98,26086957;y18;wvb;r1;b5;270;RGS040;101ETI08;29,55;68,2;;;;;;;;
72,46376812;y18;wvb;r1;b4;228;RGS041;101ETI09;35,20;68,8;;;;;;;;
57,97101449;y18;wvb;r1;b5;290;RGS042;101ETI10;37,67;73,2;5,0;;;;;;;
79,13043478;y18;wvb;r1;b4;182;RGS043;101ETI11;33,80;70,8;;4,0;;;;;;
50,43478261;y18;wvb;r1;b5;248;RGS044;101ETI12;36,57;68,6;5,0;6,0;;;;;;
77,39130435;y18;wvb;r1;b4;195;RGS045;101ETI13;38,84;74,0;4,0;;;;;;;
74,20289855;y18;wvb;r1;b3;176;RGS046;101ETI14;32,07;67,0;;4,0;;;;;;
75,07246377;y18;wvb;r1;b1;46;RGS047;101OTT04;32,82;68,0;4,0;;;;;;;
91,88405797;y18;wvb;r1;b2;98;RGS048;101OTT05;29,13;66,9;;;;;;;;
83,1884058;y18;wvb;r1;b3;163;RGS049;101OTT06;41,61;71,1;6,0;;;;;;;
73,91304348;y18;wvb;r1;b2;118;RGS050;101OTT09;36,57;68,1;;;;;;;;
83,47826087;y18;wvb;r1;b3;169;RGS051;146MER01;42,07;69,1;4,0;7,0;;;;;;
86,08695652;y18;wvb;r1;b2;79;RGS052;146MER02;43,71;68,3;5,0;6,0;;;;;;
84,92753623;y18;wvb;r1;b4;190;RGS053;146MER03;37,36;63,0;5,0;4,0;;;;;;
98,84057971;y18;wvb;r1;b3;132;RGS054;146MER04;42,11;69,2;4,0;6,0;;;;;;
70,14492754;y18;wvb;r1;b4;224;RGS055;146MER05;40,89;64,7;5,0;5,0;4,0;;;;;
78,84057971;y18;wvb;r1;b5;264;RGS056;146MER06;44,15;68,7;7,0;5,0;;;;;;
90,43478261;y18;wvb;r1;b3;150;RGS057;146MER07;43,49;68,7;7,0;5,0;;;;;;
78,26086957;y18;wvb;r1;b1;9;RGS058;146MER08;36,28;64,4;3,0;5,0;;;;;;
77,68115942;y18;wvb;r1;b3;165;RGS059;146MER09;41,55;66,3;;7,0;;;;;;
79,71014493;y18;wvb;r1;b4;181;RGS060;146MER10;45,44;70,2;4,0;8,0;;;;;;
80,28985507;y18;wvb;r1;b2;112;RGS061;146QUA01;40,80;60,6;3,0;4,0;;;;;;
76,52173913;y18;wvb;r1;b1;4;RGS062;146QUA02;48,22;69,3;6,0;5,0;;;;;;
94,49275362;y18;wvb;r1;b3;141;RGS063;146QUA03;44,01;67,7;;;;;;;;
71,30434783;y18;wvb;r1;b3;175;RGS064;146QUA04;37,36;63,7;7,0;7,0;;;;;;
66,66666667;y18;wvb;r1;b1;15;RGS065;146QUA05;46,40;70,1;;4,0;;;;;;
77,10144928;y18;wvb;r1;b2;117;RGS066;146QUA06;45,31;71,1;;6,0;;;;;;
77,39130435;y18;wvb;r1;b3;122;RGS067;146QUA07;44,85;71,7;4,0;;;;;;;
89,27536232;y18;wvb;r1;b2;100;RGS068;146QUA08;36,19;66,3;5,0;6,0;;;;;;
62,02898551;y18;wvb;r1;b5;296;RGS069;146QUA09;34,76;64,1;7,0;8,0;;;;;;
95,36231884;y18;wvb;r1;b2;86;RGS070;146QUA10;41,39;68,8;3,0;7,0;;;;;;
71,01449275;y18;wvb;r1;b4;229;RGS071;146JEN01;37,67;67,4;6,0;;;;;;;
61,73913043;y18;wvb;r1;b1;6;RGS072;146JEN02;36,85;68,7;6,0;6,0;;;;;;
76,52173913;y18;wvb;r1;b2;74;RGS073;146JEN03;42,76;70,1;;4,0;;;;;;
70,72463768;y18;wvb;r1;b3;172;RGS074;146JEN04;31,13;64,7;7,0;7,0;;;;;;
65,2173913;y18;wvb;r1;b5;291;RGS075;146JEN05;35,45;65,6;;5,0;;;;;;
60,86956522;y18;wvb;r1;b2;63;RGS076;146JEN06;42,54;66,9;;;;;;;;
77,39130435;y18;wvb;r1;b5;286;RGS077;146JEN07;42,46;66,7;;;;;;;;
53,33333333;y18;wvb;r1;b1;13;RGS078;146ETI01;39,77;67,9;;;;;;;;
90,14492754;y18;wvb;r1;b4;200;RGS079;146ETI02;47,67;69,4;7,0;;;4,0;;;;
67,82608696;y18;wvb;r1;b3;130;RGS080;146ETI03;41,57;69,2;;;;;;;;
93,33333333;y18;wvb;r1;b4;214;RGS081;146ETI04;36,31;66,0;;;;;;;;
76,52173913;y18;wvb;r1;b4;220;RGS082;146ETI05;49,18;70,9;;;;;;;;
88,11594203;y18;wvb;r1;b1;28;RGS083;146ETI06;48,25;71,3;;;;;;;;
71,5942029;y18;wvb;r1;b3;177;RGS084;146ETI07;47,09;68,5;;5,0;;;;;;
79,13043478;y18;wvb;r1;b3;166;RGS085;146ETI08;42,66;62,8;;;;;;;;
77,39130435;y18;wvb;r1;b1;51;RGS086;146ETI09;40,75;66,8;;;;;;;;
86,37681159;y18;wvb;r1;b2;90;RGS087;146ETI10;48,38;69,4;;;;;;;;
73,62318841;y18;wvb;r1;b5;260;RGS088;146ETI12;49,61;73,1;;;;;;;;
77,39130435;y18;wvb;r1;b1;38;RGS089;146ETI13;47,62;70,0;;4,0;;;;;;
79,71014493;y18;wvb;r1;b4;202;RGS090;146ETI14;50,58;72,5;;;;;;;;
63,47826087;y18;wvb;r1;b1;3;RGS091;146OTT01;44,90;70,3;;;;;;;;
88,98550725;y18;wvb;r1;b5;273;RGS092;146OTT02;50,00;72,8;4,0;6,0;;;;;;
72,17391304;y18;wvb;r1;b1;42;RGS093;146OTT03;44,19;62,7;;4,0;;;;;;
73,04347826;y18;wvb;r1;b4;237;RGS094;146OTT04;51,54;69,7;;;;;;;;
60;y18;wvb;r1;b4;234;RGS095;146OTT05;45,68;67,3;8,0;;;;;;;
78,84057971;y18;wvb;r1;b1;37;RGS096;146OTT06;45,27;71,2;8,0;;;;;;;
95,65217391;y18;wvb;r1;b1;32;RGS097;146OTT07;35,29;68,7;;;;;;;;
70,43478261;y18;wvb;r1;b1;16;RGS098;146OTT08;43,72;65,9;7,0;6,0;;;;;;
77,68115942;y18;wvb;r1;b2;105;RGS099;146OTT09;42,90;64,9;6,0;;;;;;;
83,76811594;y18;wvb;r1;b2;102;RGS100;146OTT10;43,46;65,7;4,0;;;;;;;
84,05797101;y18;wvb;r1;b1;25;RGS101;D33MER01;39,91;64,8;;;;;;;;
96,52173913;y18;wvb;r1;b3;135;RGS102;D33MER02;43,34;68,5;;;;;;;;
89,27536232;y18;wvb;r1;b5;278;RGS103;D33MER03;38,86;65,3;;;;;;;;
92,46376812;y18;wvb;r1;b5;268;RGS104;D33MER04;47,49;68,0;;;;;;;;
78,84057971;y18;wvb;r1;b5;288;RGS105;D33MER05;41,39;64,6;;;;;;;;
66,37681159;y18;wvb;r1;b5;297;RGS106;D33MER06;43,07;64,9;4,0;;;;;;;
82,31884058;y18;wvb;r1;b1;50;RGS107;D33MER07;44,54;68,6;;;;;;;;
71,88405797;y18;wvb;r1;b3;123;RGS108;D33MER08;48,08;68,2;;;;;;;;
68,4057971;y18;wvb;r1;b5;249;RGS109;D33MER09;45,86;67,8;;;;;;;;
101,4492754;y18;wvb;r1;b3;140;RGS110;D33MER10;51,15;67,8;;;;;;;;
89,85507246;y18;wvb;r1;b2;81;RGS111;D33MER11;46,72;68,0;;;;;;;;
88,98550725;y18;wvb;r1;b3;159;RGS112;D33MER12;44,80;71,7;;;;;;;;
87,24637681;y18;wvb;r1;b3;157;RGS113;D33MER13;38,98;67,3;;;;;;;;
66,66666667;y18;wvb;r1;b1;12;RGS114;D33MER14;42,09;65,2;;;5,0;;;;;
67,82608696;y18;wvb;r1;b5;252;RGS115;D33MER15;34,18;62,1;;;;;;;;
86,95652174;y18;wvb;r1;b3;160;RGS116;D33MER16;42,26;67,6;;;;;;;;
80;y18;wvb;r1;b5;280;RGS117;D33MER17;36,28;65,0;;;;;;;;
94,20289855;y18;wvb;r1;b3;154;RGS118;D33MER18;35,98;65,3;;;;;;;;
93,04347826;y18;wvb;r1;b2;94;RGS119;D33MER19;35,43;64,2;;;;;;;;
60,86956522;y18;wvb;r1;b5;292;RGS120;D33MER20;34,94;63,0;;8,0;;;;;;
73,62318841;y18;wvb;r1;b1;14;RGS121;D33MER21;40,80;66,6;;;;;;;;
89,85507246;y18;wvb;r1;b2;73;RGS122;D33MER22;38,90;65,0;;;;;;;;
76,52173913;y18;wvb;r1;b2;60;RGS123;D33QUA01;47,29;70,5;;4,0;;;;;;
87,53623188;y18;wvb;r1;b5;265;RGS124;D33QUA02;43,97;63,9;;;;;;;;
69,27536232;y18;wvb;r1;b5;256;RGS125;D33QUA03;37,22;63,1;;;;;;;;
87,82608696;y18;wvb;r1;b3;129;RGS126;D33QUA04;33,08;66,1;4,0;5,0;;;;;;
58,84057971;y18;wvb;r1;b4;232;RGS127;D33QUA05;43,68;67,9;8,0;8,0;;;;;;
81,15942029;y18;wvb;r1;b3;139;RGS128;D33QUA06;44,70;69,0;;;;;;;;
81,44927536;y18;wvb;r1;b1;20;RGS129;D33QUA07;45,51;68,0;;;;;;;;
80,28985507;y18;wvb;r1;b1;19;RGS130;D33QUA08;41,84;67,8;;;;;;;;
83,47826087;y18;wvb;r1;b2;69;RGS131;D33ETI01;40,61;62,1;;;;;;;;
90,43478261;y18;wvb;r1;b1;31;RGS132;D33ETI02;41,58;68,2;8,0;8,0;;;;;;
90,72463768;y18;wvb;r1;b4;206;RGS133;D33ETI03;41,03;65,6;;4,0;;;;;;
83,47826087;y18;wvb;r1;b4;194;RGS134;D33ETI04;45,60;68,7;;;;;;;;
90,72463768;y18;wvb;r1;b4;201;RGS135;D33ETI05;42,26;70,8;;4,0;;;;;;
78,84057971;y18;wvb;r1;b5;266;RGS136;D33ETI06;39,24;67,2;;;;;;;;
61,44927536;y18;wvb;r1;b1;40;RGS137;D33ETI07;40,00;67,5;8,0;8,0;;;;;;
43,1884058;y18;wvb;r1;b1;10;RGS138;D33ETI08;40,00;64,4;;5,0;;;;;;
83,76811594;y18;wvb;r1;b1;36;RGS139;D33ETI09;45,13;69,2;;;;;;;;
68,4057971;y18;wvb;r1;b5;261;RGS140;D33ETI10;39,67;69,3;;3,0;;;;;;
70,43478261;y18;wvb;r1;b3;174;RGS141;D33ETI11;37,90;67,0;5,0;;;;;;;
81,15942029;y18;wvb;r1;b3;164;RGS142;D33ETI12;40,75;62,7;8,0;8,0;;;;;;
93,04347826;y18;wvb;r1;b4;212;RGS143;D33ETI13;36,92;61,7;;5,0;;;;;;
89,27536232;y18;wvb;r1;b1;34;RGS144;D33ETI14;41,67;66,4;;;;;;;;
83,47826087;y18;wvb;r1;b1;18;RGS145;D33ETI15;35,56;62,3;;;;;;;;
91,30434783;y18;wvb;r1;b2;96;RGS146;D33ETI16;39,29;66,1;5,0;;;;;;;
64,34782609;y18;wvb;r1;b4;223;RGS147;D33ETI17;42,35;65,6;;;;;;;;
71,88405797;y18;wvb;r1;b3;178;RGS148;D33ETI18;36,78;61,3;;3,0;;;;;;
70,72463768;y18;wvb;r1;b5;285;RGS149;D33ETI19;45,46;69,2;;;;;;;;
106,0869565;y18;wvb;r1;b3;151;RGS150;D33ETI20;35,99;63,0;;;;;;;;
62,89855072;y18;wvb;r1;b5;240;RGS151;D37QUA01;;;;;;;;;;
62,02898551;y18;wvb;r1;b4;230;RGS152;D37QUA02;;;;;;;;;;
79,13043478;y18;wvb;r1;b4;187;RGS153;D37QUA03;;;;;;;;;;
69,85507246;y18;wvb;r1;b3;171;RGS154;D37QUA04;;;;;;;;;;
69,27536232;y18;wvb;r1;b5;246;RGS155;D37QUA05;;;;;;;;;;
94,20289855;y18;wvb;r1;b3;153;RGS156;D37QUA06;;;;;;;;;;
77,97101449;y18;wvb;r1;b3;134;RGS157;D37QUA07;;;;;;;;;;
73,62318841;y18;wvb;r1;b2;68;RGS158;D37QUA08;;;;;;;;;;
96,23188406;y18;wvb;r1;b4;204;RGS159;D37QUA09;;;;;;;;;;
90,14492754;y18;wvb;r1;b3;147;RGS160;D37QUA10;;;;;;;;;;
93,33333333;y18;wvb;r1;b5;272;RGS161;D37QUA11;;;;;;;;;;
91,5942029;y18;wvb;r1;b3;145;RGS162;D37QUA12;;;;;;;;;;
90,43478261;y18;wvb;r1;b1;30;RGS163;D37QUA13;;;;;;;;;;
87,24637681;y18;wvb;r1;b4;184;RGS164;D37QUA14;;;;;;;;;;
82,02898551;y18;wvb;r1;b1;24;RGS165;D37QUA15;;;;;;;;;;
103,1884058;y18;wvb;r1;b4;211;RGS166;D37QUA16;;;;;;;;;;
86,37681159;y18;wvb;r1;b4;196;RGS167;D37QUA17;;;;;;;;;;
68,11594203;y18;wvb;r1;b5;241;RGS168;D37QUA18;;;;;;;;;;
97,10144928;y18;wvb;r1;b2;87;RGS169;D37QUA19;;;;;;;;;;
64,34782609;y18;wvb;r1;b1;2;RGS170;D37QUA20;;;;;;;;;;
70,14492754;y18;wvb;r1;b5;289;RGS171;D37QUA21;;;;;;;;;;
69,56521739;y18;wvb;r1;b1;57;RGS172;D37QUA22;;;;;;;;;;
71,30434783;y18;wvb;r1;b1;55;RGS173;D37QUA23;;;;;;;;;;
88,98550725;y18;wvb;r1;b1;27;RGS174;D37QUA24;;;;;;;;;;
90,43478261;y18;wvb;r1;b3;133;RGS175;D37QUA25;;;;;;;;;;
67,53623188;y18;wvb;r1;b2;115;RGS176;D37QUA26;;;;;;;;;;
73,91304348;y18;wvb;r1;b4;216;RGS177;D37QUA27;;;;;;;;;;
81,44927536;y18;wvb;r1;b2;110;RGS178;D37QUA28;;;;;;;;;;
93,33333333;y18;wvb;r1;b2;99;RGS179;D37QUA29;;;;;;;;;;
85,2173913;y18;wvb;r1;b2;104;RGS180;D37QUA30;;;;;;;;;;
80,28985507;y18;wvb;r1;b1;1;RGS181;D37QUA31;;;;;;;;;;
82,89855072;y18;wvb;r1;b3;158;RGS182;D37QUA32;;;;;;;;;;
93,62318841;y18;wvb;r1;b3;146;RGS183;D37QUA33;;;;;;;;;;
74,7826087;y18;wvb;r1;b3;168;RGS184;D37QUA34;;;;;;;;;;
61,73913043;y18;wvb;r1;b5;283;RGS185;D37QUA35;;;;;;;;;;
94,49275362;y18;wvb;r1;b1;26;RGS186;D37QUA36;;;;;;;;;;
91,01449275;y18;wvb;r1;b3;144;RGS187;D37QUA37;;;;;;;;;;
93,62318841;y18;wvb;r1;b4;213;RGS188;D37OTT01;;;;;;;;;;
86,37681159;y18;wvb;r1;b3;136;RGS189;D37OTT02;;;;;;;;;;
67,82608696;y18;wvb;r1;b4;222;RGS190;D37OTT03;;;;;;;;;;
84,34782609;y18;wvb;r1;b5;267;RGS191;D37OTT04;;;;;;;;;;
78,84057971;y18;wvb;r1;b2;84;RGS192;D37OTT05;;;;;;;;;;
91,30434783;y18;wvb;r1;b2;103;RGS193;D37OTT06;;;;;;;;;;
88,69565217;y18;wvb;r1;b3;152;RGS194;D37OTT07;;;;;;;;;;
71,5942029;y18;wvb;r1;b1;48;RGS195;D37OTT08;;;;;;;;;;
93,04347826;y18;wvb;r1;b1;33;RGS196;D37OTT09;;;;;;;;;;
65,50724638;y18;wvb;r1;b4;236;RGS197;D37OTT10;;;;;;;;;;
73,91304348;y18;wvb;r1;b3;127;RGS198;D37OTT11;;;;;;;;;;
74,20289855;y18;wvb;r1;b2;106;RGS199;D37OTT12;;;;;;;;;;
79,13043478;y18;wvb;r1;b4;193;RGS200;D37OTT13;;;;;;;;;;
80;y18;wvb;r1;b5;254;RGS201;ANTMER01;;;;;;;;;;
70,43478261;y18;wvb;r1;b2;66;RGS202;ANTMER02;;;;;;;;;;
71,30434783;y18;wvb;r1;b1;54;RGS203;ANTMER03;;;;;;;;;;
94,49275362;y18;wvb;r1;b5;274;RGS204;ANTMER04;;;;;;;;;;
66,66666667;y18;wvb;r1;b1;8;RGS205;ANTMER05;;;;;;;;;;
77,39130435;y18;wvb;r1;b2;114;RGS206;ANTMER06;;;;;;;;;;
80,57971014;y18;wvb;r1;b4;183;RGS207;ANTMER07;;;;;;;;;;
97,97101449;y18;wvb;r1;b2;93;RGS208;ANTMER08;;;;;;;;;;
67,82608696;y18;wvb;r1;b4;231;RGS209;ANTMER09;;;;;;;;;;
101,4492754;y18;wvb;r1;b2;92;RGS210;ANTMER10;;;;;;;;;;
82,60869565;y18;wvb;r1;b5;279;RGS211;ANTMER11;;;;;;;;;;
85,2173913;y18;wvb;r1;b4;180;RGS212;ANTMER12;;;;;;;;;;
83,76811594;y18;wvb;r1;b1;39;RGS213;ANTMER13;;;;;;;;;;
71,30434783;y18;wvb;r1;b2;67;RGS214;ANTMER14;;;;;;;;;;
81,15942029;y18;wvb;r1;b2;72;RGS215;ANTMER15;;;;;;;;;;
66,66666667;y18;wvb;r1;b5;247;RGS216;ANTMER16;;;;;;;;;;
91,88405797;y18;wvb;r1;b4;205;RGS217;ANTQUA01;;;;;;;;;;
90,14492754;y18;wvb;r1;b2;82;RGS218;ANTQUA02;;;;;;;;;;
70,72463768;y18;wvb;r1;b1;49;RGS219;ANTQUA03;;;;;;;;;;
74,7826087;y18;wvb;r1;b5;253;RGS220;ANTQUA04;;;;;;;;;;
75,65217391;y18;wvb;r1;b4;188;RGS221;ANTQUA05;;;;;;;;;;
87,24637681;y18;wvb;r1;b4;192;RGS222;ANTQUA06;;;;;;;;;;
98,55072464;y18;wvb;r1;b5;276;RGS223;ANTQUA07;;;;;;;;;;
80;y18;wvb;r1;b5;262;RGS224;ANTQUA08;;;;;;;;;;
77,39130435;y18;wvb;r1;b5;244;RGS225;ANTQUA09;;;;;;;;;;
69,85507246;y18;wvb;r1;b5;259;RGS226;ANTQUA10;;;;;;;;;;
75,65217391;y18;wvb;r1;b5;258;RGS227;ANTQUA11;;;;;;;;;;
88,11594203;y18;wvb;r1;b1;21;RGS228;ANTQUA12;;;;;;;;;;
67,82608696;y18;wvb;r1;b5;284;RGS229;ANTETI01;;;;;;;;;;
86,95652174;y18;wvb;r1;b1;45;RGS230;ANTETI02;;;;;;;;;;
89,27536232;y18;wvb;r1;b2;76;RGS231;ANTETI03;;;;;;;;;;
65,79710145;y18;wvb;r1;b5;250;RGS232;ANTETI04;;;;;;;;;;
92,17391304;y18;wvb;r1;b5;271;RGS233;ANTETI05;;;;;;;;;;
88,4057971;y18;wvb;r1;b4;219;RGS234;ANTETI06;;;;;;;;;;
80,57971014;y18;wvb;r1;b4;218;RGS235;ANTETI07;;;;;;;;;;
87,24637681;y18;wvb;r1;b2;85;RGS236;ANTETI08;;;;;;;;;;
77,10144928;y18;wvb;r1;b1;52;RGS237;ANTETI09;;;;;;;;;;
91,30434783;y18;wvb;r1;b2;78;RGS238;ANTETI10;;;;;;;;;;
58,84057971;y18;wvb;r1;b1;58;RGS239;ANTETI11;;;;;;;;;;
91,01449275;y18;wvb;r1;b3;148;RGS240;ANTETI12;;;;;;;;;;
64,92753623;y18;wvb;r1;b2;116;RGS241;ANTETI13;;;;;;;;;;
79,42028986;y18;wvb;r1;b3;126;RGS242;ANTETI14;;;;;;;;;;
73,91304348;y18;wvb;r1;b4;225;RGS243;ANTETI15;;;;;;;;;;
68,69565217;y18;wvb;r1;b4;238;RGS244;ANTETI16;;;;;;;;;;
91,5942029;y18;wvb;r1;b4;208;RGS245;ANTETI17;;;;;;;;;;
76,52173913;y18;wvb;r1;b1;43;RGS246;ANTETI18;;;;;;;;;;
93,91304348;y18;wvb;r1;b4;207;RGS247;ANTOTT01;;;;;;;;;;
88,69565217;y18;wvb;r1;b3;162;RGS248;ANTOTT02;;;;;;;;;;
73,33333333;y18;wvb;r1;b5;255;RGS249;ANTOTT03;;;;;;;;;;
62,02898551;y18;wvb;r1;b4;235;RGS250;ANTOTT04;;;;;;;;;;
66,66666667;y18;wvb;r1;b1;53;RGS251;101;;;;;;;;;;
60,86956522;y18;wvb;r1;b2;95;RGS252;146;;;;;;;;;;
71,30434783;y18;wvb;r1;b3;179;RGS253;D33;;;;;;;;;;
63,47826087;y18;wvb;r1;b4;221;RGS254;D37;;;;;;;;;;
97,68115942;y18;wvb;r1;b5;287;RGS255;OTT;;;;;;;;;;
66,08695652;y18;wvb;r1;b1;5;RGS256;ANT;;;;;;;;;;
70,14492754;y18;wvb;r1;b2;71;RGS257;MER;;;;;;;;;;
86,37681159;y18;wvb;r1;b3;143;RGS258;ETI;;;;;;;;;;
78,84057971;y18;wvb;r1;b4;197;RGS259;JEN;;;;;;;;;;
102,0289855;y18;wvb;r1;b5;269;RGS260;QUA;;;;;;;;;;
95,36231884;y18;wvb;r1;b1;41;RGS251;101;;;;;;;;;;
81,15942029;y18;wvb;r1;b2;119;RGS252;146;;;;;;;;;;
63,47826087;y18;wvb;r1;b3;167;RGS253;D33;;;;;;;;;;
79,42028986;y18;wvb;r1;b4;215;RGS254;D37;;;;;;;;;;
78,84057971;y18;wvb;r1;b5;293;RGS255;OTT;;;;;;;;;;
100,2898551;y18;wvb;r1;b1;17;RGS256;ANT;;;;;;;;;;
81,15942029;y18;wvb;r1;b2;83;RGS257;MER;;;;;;;;;;
70,43478261;y18;wvb;r1;b3;149;RGS258;ETI;;;;;;;;;;
97,68115942;y18;wvb;r1;b4;191;RGS259;JEN;;;;;;;;;;
94,20289855;y18;wvb;r1;b5;245;RGS260;QUA;;;;;;;;;;
82,02898551;y18;wvb;r1;b1;35;RGS251;101;;;;;;;;;;
84,63768116;y18;wvb;r1;b2;107;RGS252;146;;;;;;;;;;
67,24637681;y18;wvb;r1;b3;173;RGS253;D33;;;;;;;;;;
80,57971014;y18;wvb;r1;b4;239;RGS254;D37;;;;;;;;;;
76,23188406;y18;wvb;r1;b5;281;RGS255;OTT;;;;;;;;;;
75,07246377;y18;wvb;r1;b1;11;RGS256;ANT;;;;;;;;;;
96,8115942;y18;wvb;r1;b2;89;RGS257;MER;;;;;;;;;;
95,36231884;y18;wvb;r1;b3;125;RGS258;ETI;;;;;;;;;;
100,5797101;y18;wvb;r1;b4;203;RGS259;JEN;;;;;;;;;;
96,23188406;y18;wvb;r1;b5;257;RGS260;QUA;;;;;;;;;;
85,79710145;y18;wvb;r1;b1;59;RGS251;101;;;;;;;;;;
77,68115942;y18;wvb;r1;b2;113;RGS252;146;;;;;;;;;;
79,71014493;y18;wvb;r1;b3;161;RGS253;D33;;;;;;;;;;
69,56521739;y18;wvb;r1;b4;227;RGS254;D37;;;;;;;;;;
72,46376812;y18;wvb;r1;b5;275;RGS255;OTT;;;;;;;;;;
93,62318841;y18;wvb;r1;b1;23;RGS256;ANT;;;;;;;;;;
76,52173913;y18;wvb;r1;b2;65;RGS257;MER;;;;;;;;;;
94,49275362;y18;wvb;r1;b3;137;RGS258;ETI;;;;;;;;;;
62,89855072;y18;wvb;r1;b4;209;RGS259;JEN;;;;;;;;;;
82,89855072;y18;wvb;r1;b5;251;RGS260;QUA;;;;;;;;;;
79,13043478;y18;wvb;r1;b1;47;RGS251;101;;;;;;;;;;
80;y18;wvb;r1;b2;101;RGS252;146;;;;;;;;;;
69,27536232;y18;wvb;r1;b3;155;RGS253;D33;;;;;;;;;;
53,91304348;y18;wvb;r1;b4;233;RGS254;D37;;;;;;;;;;
76,23188406;y18;wvb;r1;b5;299;RGS255;OTT;;;;;;;;;;
71,30434783;y18;wvb;r1;b1;29;RGS256;ANT;;;;;;;;;;
89,85507246;y18;wvb;r1;b2;77;RGS257;MER;;;;;;;;;;
70,43478261;y18;wvb;r1;b3;131;RGS258;ETI;;;;;;;;;;
66,37681159;y18;wvb;r1;b4;185;RGS259;JEN;;;;;;;;;;
86,95652174;y18;wvb;r1;b5;263;RGS260;QUA;;;;;;;;;;
100;y18;wvb;r2;b3;169;RGS001;101MER01;35,73;67,3;;;;;;;;
99,13043478;y18;wvb;r2;b1;4;RGS002;101MER02;34,73;63,1;6,0;;;7,0;;;;
101,1594203;y18;wvb;r2;b2;117;RGS003;101MER03;36,00;67,2;5,0;6,0;;5,0;;;;
91,88405797;y18;wvb;r2;b2;115;RGS004;101MER04;38,14;66,0;3,0;;4,0;;;;;
97,97101449;y18;wvb;r2;b1;9;RGS005;101MER05;38,11;67,8;;7,0;;;;;;
88,11594203;y18;wvb;r2;b4;200;RGS006;101MER06;35,47;68,2;5,0;4,0;;4,0;;;;
91,30434783;y18;wvb;r2;b5;248;RGS007;101MER07;35,04;69,0;3,0;;;;;;;
100,5797101;y18;wvb;r2;b2;104;RGS008;101MER08;41,32;71,0;;;;;;;;
81,44927536;y18;wvb;r2;b5;298;RGS009;101MER09;33,49;69,4;8,0;6,0;;;;;;
95,94202899;y18;wvb;r2;b1;15;RGS010;101MER10;31,04;68,2;7,0;6,0;;5,0;;;;
87,53623188;y18;wvb;r2;b2;108;RGS011;101MER11;40,74;69,4;8,0;4,0;;;;;;
88,98550725;y18;wvb;r2;b5;250;RGS012;101MER12;38,93;68,4;8,0;;;;;;;
85,2173913;y18;wvb;r2;b5;246;RGS013;101MER13;30,60;66,0;7,0;4,0;5,0;;;;;
93,04347826;y18;wvb;r2;b5;280;RGS014;101MER14;32,62;66,7;9,0;5,0;;;;;;
81,73913043;y18;wvb;r2;b4;206;RGS015;101MER15;32,22;63,8;4,0;;;;;;;
95,07246377;y18;wvb;r2;b3;134;RGS016;101MER16;33,35;69,3;6,0;4,0;;;;;;
93,33333333;y18;wvb;r2;b4;182;RGS017;101MER17;31,76;65,5;;;;;;;;
95,07246377;y18;wvb;r2;b3;156;RGS018;101MER18;28,15;61,7;;4,0;;;;;;
91,88405797;y18;wvb;r2;b3;157;RGS019;101MER19;28,36;61,4;2,0;5,0;;;;;;
80,86956522;y18;wvb;r2;b2;75;RGS020;101QUA01;40,06;72,1;;;;;;;;
89,85507246;y18;wvb;r2;b4;193;RGS021;101JEN01;25,12;61,4;;7,0;;;;;;
93,04347826;y18;wvb;r2;b1;42;RGS022;101JEN02;23,96;59,9;4,0;;;;;;;
97,10144928;y18;wvb;r2;b1;3;RGS023;101JEN03;33,04;68,8;7,0;4,0;;;;;;
90,43478261;y18;wvb;r2;b5;278;RGS024;101JEN04;30,70;68,1;4,0;4,0;;;;;;
84,92753623;y18;wvb;r2;b3;177;RGS025;101JEN05;33,77;65,1;5,0;;;;;;;
91,5942029;y18;wvb;r2;b3;165;RGS026;101JEN06;35,37;68,6;5,0;;;;;;;
91,88405797;y18;wvb;r2;b4;212;RGS027;101JEN07;40,06;68,5;;;;;;;;
91,01449275;y18;wvb;r2;b4;226;RGS028;101JEN08;36,67;63,3;3,0;;;;;;;
84,92753623;y18;wvb;r2;b1;43;RGS029;101JEN09;38,40;67,2;;;;;;;;
100,2898551;y18;wvb;r2;b1;55;RGS030;101JEN10;39,88;69,1;;;;;;;;
100,5797101;y18;wvb;r2;b4;222;RGS031;101JEN11;34,82;61,9;;5,0;;;;;;
93,33333333;y18;wvb;r2;b4;225;RGS032;101JEN12;35,09;66,1;;;;;;;;
94,20289855;y18;wvb;r2;b5;270;RGS033;101ETI01;40,12;70,5;;;;;;;;
91,01449275;y18;wvb;r2;b5;264;RGS034;101ETI02;32,35;65,2;4,0;;;;;;;
93,04347826;y18;wvb;r2;b3;166;RGS035;101ETI03;36,37;70,3;;;;;;;;
84,63768116;y18;wvb;r2;b5;292;RGS036;101ETI04;38,26;69,6;7,0;;;;;;;
95,65217391;y18;wvb;r2;b5;240;RGS037;101ETI05;30,40;64,9;3,0;5,0;;;;;;
82,31884058;y18;wvb;r2;b2;81;RGS038;101ETI06;30,64;66,0;;5,0;;;;;;
88,69565217;y18;wvb;r2;b5;255;RGS039;101ETI07;38,90;68,4;8,0;;;;;;;
87,82608696;y18;wvb;r2;b5;252;RGS040;101ETI08;36,02;70,5;;;;;;;;
89,56521739;y18;wvb;r2;b4;238;RGS041;101ETI09;29,78;70,3;;4,0;;;;;;
82,02898551;y18;wvb;r2;b5;262;RGS042;101ETI10;36,46;71,5;4,0;;;;;;;
95,36231884;y18;wvb;r2;b3;152;RGS043;101ETI11;33,41;68,3;;7,0;;;;;;
89,56521739;y18;wvb;r2;b4;219;RGS044;101ETI12;28,94;66,2;;4,0;;;;;;
88,69565217;y18;wvb;r2;b4;199;RGS045;101ETI13;31,18;63,2;;5,0;;;;;;
85,79710145;y18;wvb;r2;b1;25;RGS046;101ETI14;39,16;64,6;6,0;;;;;;;
83,76811594;y18;wvb;r2;b3;135;RGS047;101OTT04;33,49;64,7;;;;;;;;
97,68115942;y18;wvb;r2;b3;178;RGS048;101OTT05;33,16;66,5;;4,0;;;;;;
82,89855072;y18;wvb;r2;b4;229;RGS049;101OTT06;33,96;65,7;5,0;5,0;;;;;;
89,85507246;y18;wvb;r2;b4;201;RGS050;101OTT09;34,83;71,8;4,0;;;;;;;
93,91304348;y18;wvb;r2;b4;230;RGS051;146MER01;46,64;69,2;;;;;;;;
91,30434783;y18;wvb;r2;b5;274;RGS052;146MER02;43,62;70,6;7,0;;;;;;;
93,33333333;y18;wvb;r2;b4;211;RGS053;146MER03;40,40;65,3;5,0;5,0;;;;;;
97,97101449;y18;wvb;r2;b1;1;RGS054;146MER04;41,27;66,0;8,0;6,0;;;;;;
91,5942029;y18;wvb;r2;b3;154;RGS055;146MER05;43,14;68,9;8,0;5,0;;;;;;
89,27536232;y18;wvb;r2;b3;164;RGS056;146MER06;41,54;67,4;6,0;5,0;;;;;;
85,2173913;y18;wvb;r2;b5;291;RGS057;146MER07;37,54;65,1;8,0;6,0;;;;;;
91,5942029;y18;wvb;r2;b5;259;RGS058;146MER08;45,42;67,1;;7,0;;;;;;
83,76811594;y18;wvb;r2;b5;258;RGS059;146MER09;41,35;69,0;7,0;6,0;;;;;;
88,98550725;y18;wvb;r2;b1;33;RGS060;146MER10;36,35;64,4;5,0;5,0;;;;;;
84,34782609;y18;wvb;r2;b4;198;RGS061;146QUA01;43,68;70,4;7,0;6,0;;;;;;
92,75362319;y18;wvb;r2;b1;21;RGS062;146QUA02;43,06;69,1;;3,0;5,0;;;;;
86,95652174;y18;wvb;r2;b3;150;RGS063;146QUA03;44,95;69,3;;;;;;;;
85,2173913;y18;wvb;r2;b5;254;RGS064;146QUA04;43,73;70,2;8,0;7,0;;;;;;
92,17391304;y18;wvb;r2;b3;160;RGS065;146QUA05;38,81;67,1;;6,0;;;;;;
95,36231884;y18;wvb;r2;b4;218;RGS066;146QUA06;36,68;66,9;6,0;5,0;;;;;;
99,13043478;y18;wvb;r2;b1;57;RGS067;146QUA07;41,46;69,6;8,0;;;;;;;
90,14492754;y18;wvb;r2;b3;130;RGS068;146QUA08;40,36;68,2;7,0;5,0;;;;;;
82,60869565;y18;wvb;r2;b4;190;RGS069;146QUA09;41,10;68,7;4,0;8,0;;;;;;
92,75362319;y18;wvb;r2;b5;289;RGS070;146QUA10;40,36;66,7;;;;;;;;
84,92753623;y18;wvb;r2;b1;32;RGS071;146JEN01;34,99;68,9;4,0;6,0;;;;;;
85,79710145;y18;wvb;r2;b4;183;RGS072;146JEN02;45,56;64,4;3,0;5,0;;;;;;
86,66666667;y18;wvb;r2;b4;184;RGS073;146JEN03;38,13;67,7;3,0;7,0;;;;;;
89,85507246;y18;wvb;r2;b5;286;RGS074;146JEN04;40,43;66,4;3,0;7,0;;;;;;
88,98550725;y18;wvb;r2;b3;174;RGS075;146JEN05;45,52;71,4;4,0;;;;;;;
85,79710145;y18;wvb;r2;b3;147;RGS076;146JEN06;44,79;69,4;;;;;;;;
88,69565217;y18;wvb;r2;b2;74;RGS077;146JEN07;49,54;68,4;;;;;;;;
77,68115942;y18;wvb;r2;b1;27;RGS078;146ETI01;49,80;68,6;;;;;;;;
85,79710145;y18;wvb;r2;b2;90;RGS079;146ETI02;44,23;67,0;;;;;;;;
68,98550725;y18;wvb;r2;b5;282;RGS080;146ETI03;47,21;65,3;5,0;;;;;;;
89,85507246;y18;wvb;r2;b2;91;RGS081;146ETI04;46,52;68,2;;6,0;;;;;;
84,63768116;y18;wvb;r2;b2;64;RGS082;146ETI05;50,62;65,0;;;;;;;;
87,82608696;y18;wvb;r2;b5;290;RGS083;146ETI06;46,17;71,0;;;;;;;;
79,42028986;y18;wvb;r2;b4;232;RGS084;146ETI07;45,81;67,4;;6,0;;;;;;
86,37681159;y18;wvb;r2;b5;296;RGS085;146ETI08;42,92;64,9;;;;;;;;
88,69565217;y18;wvb;r2;b1;45;RGS086;146ETI09;42,62;64,7;;;;;;;;
89,85507246;y18;wvb;r2;b1;16;RGS087;146ETI10;50,20;70,4;;;;;;;;
98,26086957;y18;wvb;r2;b4;213;RGS088;146ETI12;40,31;67,1;;4,0;;;;;;
80,28985507;y18;wvb;r2;b5;294;RGS089;146ETI13;42,89;66,5;4,0;;;;;;;
86,95652174;y18;wvb;r2;b1;56;RGS090;146ETI14;45,84;68,0;;;;;;;;
94,49275362;y18;wvb;r2;b3;170;RGS091;146OTT01;48,51;71,4;;;;;;;;
85,50724638;y18;wvb;r2;b2;70;RGS092;146OTT02;42,80;65,8;;;;;;;;
88,98550725;y18;wvb;r2;b2;106;RGS093;146OTT03;43,00;70,7;;;;;;;;
95,36231884;y18;wvb;r2;b1;12;RGS094;146OTT04;35,08;68,0;;;;;;;;
87,53623188;y18;wvb;r2;b5;241;RGS095;146OTT05;41,38;67,7;;;;;;;;
87,24637681;y18;wvb;r2;b1;7;RGS096;146OTT06;46,33;70,6;5,0;;;;;;;
90,72463768;y18;wvb;r2;b1;2;RGS097;146OTT07;41,52;65,3;7,0;;;;;;;
91,01449275;y18;wvb;r2;b5;267;RGS098;146OTT08;45,52;69,0;;;;;;;;
86,95652174;y18;wvb;r2;b3;145;RGS099;146OTT09;45,96;67,1;5,0;;;;;;;
88,69565217;y18;wvb;r2;b3;168;RGS100;146OTT10;46,22;68,2;4,0;;;;;;;
82,60869565;y18;wvb;r2;b1;52;RGS101;D33MER01;38,79;66,6;;;;;;;;
99,13043478;y18;wvb;r2;b5;265;RGS102;D33MER02;46,89;69,9;;;;;;;;
90,43478261;y18;wvb;r2;b4;188;RGS103;D33MER03;46,07;67,9;;;;;;;;
92,17391304;y18;wvb;r2;b1;10;RGS104;D33MER04;46,59;69,7;;;;;;;;
102,3188406;y18;wvb;r2;b3;162;RGS105;D33MER05;45,99;68,6;;;;;;;;
77,97101449;y18;wvb;r2;b2;98;RGS106;D33MER06;49,92;69,0;;;;;;;;
87,53623188;y18;wvb;r2;b3;126;RGS107;D33MER07;40,77;67,0;;;;;;;;
82,02898551;y18;wvb;r2;b5;243;RGS108;D33MER08;44,96;64,6;;;;;;;;
89,27536232;y18;wvb;r2;b4;181;RGS109;D33MER09;48,91;71,6;;;;;;;;
91,01449275;y18;wvb;r2;b1;46;RGS110;D33MER10;41,06;66,4;;;;;;;;
91,01449275;y18;wvb;r2;b2;62;RGS111;D33MER11;42,76;69,5;;;;;;;;
82,89855072;y18;wvb;r2;b1;20;RGS112;D33MER12;41,35;70,7;;;;;;;;
86,08695652;y18;wvb;r2;b2;78;RGS113;D33MER13;42,20;66,2;;;;;;;;
97,97101449;y18;wvb;r2;b3;176;RGS114;D33MER14;43,78;68,6;;;;;;;;
101,1594203;y18;wvb;r2;b4;228;RGS115;D33MER15;40,70;65,5;;;;;;;;
93,62318841;y18;wvb;r2;b1;49;RGS116;D33MER16;35,29;62,7;;;;;;;;
88,98550725;y18;wvb;r2;b3;128;RGS117;D33MER17;40,33;66,9;;4,0;;;;;;
95,65217391;y18;wvb;r2;b5;268;RGS118;D33MER18;41,67;66,9;;;;;;;;
84,63768116;y18;wvb;r2;b2;79;RGS119;D33MER19;;64,8;;;;;;;;
88,98550725;y18;wvb;r2;b5;256;RGS120;D33MER20;;;3,0;;;;;;;
100;y18;wvb;r2;b4;180;RGS121;D33MER21;38,73;66,9;;;;;;;;
97,39130435;y18;wvb;r2;b2;96;RGS122;D33MER22;35,85;66,5;;;6,0;;;;;
100,2898551;y18;wvb;r2;b4;224;RGS123;D33QUA01;38,30;69,0;;;;;;;;
93,04347826;y18;wvb;r2;b5;247;RGS124;D33QUA02;45,71;67,0;;;;;;;;
88,69565217;y18;wvb;r2;b2;82;RGS125;D33QUA03;39,97;63,5;;;;;;;;
90,43478261;y18;wvb;r2;b4;216;RGS126;D33QUA04;30,14;67,2;4,0;6,0;;;;;;
87,24637681;y18;wvb;r2;b2;60;RGS127;D33QUA05;42,36;67,1;;5,0;;;;;;
81,73913043;y18;wvb;r2;b5;272;RGS128;D33QUA06;41,87;65,9;;;;;;;;
90,43478261;y18;wvb;r2;b1;37;RGS129;D33QUA07;37,99;68,6;;;5,0;;;;;
88,4057971;y18;wvb;r2;b3;142;RGS130;D33QUA08;51,29;73,1;;;;;;;;
92,46376812;y18;wvb;r2;b2;61;RGS131;D33ETI01;34,35;71,4;;6,0;;;;;;
94,20289855;y18;wvb;r2;b4;214;RGS132;D33ETI02;51,47;69,5;;4,0;;;;;;
92,17391304;y18;wvb;r2;b5;260;RGS133;D33ETI03;47,86;69,2;;;;;;;;
88,69565217;y18;wvb;r2;b5;266;RGS134;D33ETI04;36,65;66,5;;6,0;;;;;;
93,62318841;y18;wvb;r2;b5;300;RGS135;D33ETI05;51,15;71,3;;;;;;;;
89,85507246;y18;wvb;r2;b1;30;RGS136;D33ETI06;28,90;71,2;;8,0;;;;;;
77,68115942;y18;wvb;r2;b4;237;RGS137;D33ETI07;47,29;69,5;;;;;;;;
91,01449275;y18;wvb;r2;b2;93;RGS138;D33ETI08;44,09;67,9;;;;;;;;
80,28985507;y18;wvb;r2;b1;34;RGS139;D33ETI09;36,63;69,0;;6,0;;;;;;
91,88405797;y18;wvb;r2;b4;223;RGS140;D33ETI10;50,85;71,4;;;;;;;;
89,85507246;y18;wvb;r2;b2;72;RGS141;D33ETI11;32,28;70,9;;7,0;;;;;;
82,02898551;y18;wvb;r2;b2;85;RGS142;D33ETI12;44,05;68,7;;6,0;;;;;;
83,47826087;y18;wvb;r2;b1;48;RGS143;D33ETI13;44,11;68,9;;;;;;;;
89,27536232;y18;wvb;r2;b3;124;RGS144;D33ETI14;39,90;70,4;;5,0;;;;;;
100,2898551;y18;wvb;r2;b4;220;RGS145;D33ETI15;49,67;70,8;;;;;;;;
96,52173913;y18;wvb;r2;b3;159;RGS146;D33ETI16;31,93;71,2;;6,0;;;;;;
89,56521739;y18;wvb;r2;b2;92;RGS147;D33ETI17;44,93;68,8;;6,0;;;;;;
77,68115942;y18;wvb;r2;b1;19;RGS148;D33ETI18;;;;;;;;;;
87,24637681;y18;wvb;r2;b2;94;RGS149;D33ETI19;34,20;65,0;;5,0;;;;;;
93,91304348;y18;wvb;r2;b3;151;RGS150;D33ETI20;46,32;70,0;;;;;;;;
86,08695652;y18;wvb;r2;b1;14;RGS151;D37QUA01;;;;;;;;;;
85,79710145;y18;wvb;r2;b2;86;RGS152;D37QUA02;;;;;;;;;;
93,91304348;y18;wvb;r2;b3;146;RGS153;D37QUA03;;;;;;;;;;
82,02898551;y18;wvb;r2;b2;80;RGS154;D37QUA04;;;;;;;;;;
88,69565217;y18;wvb;r2;b3;141;RGS155;D37QUA05;;;;;;;;;;
89,85507246;y18;wvb;r2;b3;175;RGS156;D37QUA06;;;;;;;;;;
85,79710145;y18;wvb;r2;b1;44;RGS157;D37QUA07;;;;;;;;;;
83,47826087;y18;wvb;r2;b4;208;RGS158;D37QUA08;;;;;;;;;;
99,71014493;y18;wvb;r2;b5;285;RGS159;D37QUA09;;;;;;;;;;
91,30434783;y18;wvb;r2;b5;273;RGS160;D37QUA10;;;;;;;;;;
88,69565217;y18;wvb;r2;b2;109;RGS161;D37QUA11;;;;;;;;;;
83,47826087;y18;wvb;r2;b2;67;RGS162;D37QUA12;;;;;;;;;;
80;y18;wvb;r2;b4;205;RGS163;D37QUA13;;;;;;;;;;
99,42028986;y18;wvb;r2;b1;8;RGS164;D37QUA14;;;;;;;;;;
96,23188406;y18;wvb;r2;b4;234;RGS165;D37QUA15;;;;;;;;;;
95,07246377;y18;wvb;r2;b5;277;RGS166;D37QUA16;;;;;;;;;;
100,5797101;y18;wvb;r2;b2;100;RGS167;D37QUA17;;;;;;;;;;
86,08695652;y18;wvb;r2;b5;242;RGS168;D37QUA18;;;;;;;;;;
92,17391304;y18;wvb;r2;b5;271;RGS169;D37QUA19;;;;;;;;;;
82,89855072;y18;wvb;r2;b2;73;RGS170;D37QUA20;;;;;;;;;;
90,72463768;y18;wvb;r2;b1;6;RGS171;D37QUA21;;;;;;;;;;
99,42028986;y18;wvb;r2;b5;297;RGS172;D37QUA22;;;;;;;;;;
98,84057971;y18;wvb;r2;b3;138;RGS173;D37QUA23;;;;;;;;;;
86,95652174;y18;wvb;r2;b2;114;RGS174;D37QUA24;;;;;;;;;;
96,8115942;y18;wvb;r2;b4;192;RGS175;D37QUA25;;;;;;;;;;
82,31884058;y18;wvb;r2;b2;87;RGS176;D37QUA26;;;;;;;;;;
80,57971014;y18;wvb;r2;b2;99;RGS177;D37QUA27;;;;;;;;;;
89,85507246;y18;wvb;r2;b4;187;RGS178;D37QUA28;;;;;;;;;;
91,30434783;y18;wvb;r2;b2;110;RGS179;D37QUA29;;;;;;;;;;
84,05797101;y18;wvb;r2;b5;253;RGS180;D37QUA30;;;;;;;;;;
95,07246377;y18;wvb;r2;b1;38;RGS181;D37QUA31;;;;;;;;;;
88,4057971;y18;wvb;r2;b5;279;RGS182;D37QUA32;;;;;;;;;;
88,4057971;y18;wvb;r2;b4;189;RGS183;D37QUA33;;;;;;;;;;
91,30434783;y18;wvb;r2;b2;116;RGS184;D37QUA34;;;;;;;;;;
82,60869565;y18;wvb;r2;b5;284;RGS185;D37QUA35;;;;;;;;;;
92,75362319;y18;wvb;r2;b1;24;RGS186;D37QUA36;;;;;;;;;;
88,69565217;y18;wvb;r2;b5;244;RGS187;D37QUA37;;;;;;;;;;
82,60869565;y18;wvb;r2;b4;186;RGS188;D37OTT01;;;;;;;;;;
83,76811594;y18;wvb;r2;b4;207;RGS189;D37OTT02;;;;;;;;;;
88,4057971;y18;wvb;r2;b2;97;RGS190;D37OTT03;;;;;;;;;;
81,73913043;y18;wvb;r2;b3;148;RGS191;D37OTT04;;;;;;;;;;
88,98550725;y18;wvb;r2;b4;235;RGS192;D37OTT05;;;;;;;;;;
92,75362319;y18;wvb;r2;b5;276;RGS193;D37OTT06;;;;;;;;;;
89,85507246;y18;wvb;r2;b2;76;RGS194;D37OTT07;;;;;;;;;;
93,62318841;y18;wvb;r2;b3;136;RGS195;D37OTT08;;;;;;;;;;
95,36231884;y18;wvb;r2;b3;120;RGS196;D37OTT09;;;;;;;;;;
92,17391304;y18;wvb;r2;b1;13;RGS197;D37OTT10;;;;;;;;;;
85,79710145;y18;wvb;r2;b4;202;RGS198;D37OTT11;;;;;;;;;;
90,72463768;y18;wvb;r2;b3;171;RGS199;D37OTT12;;;;;;;;;;
84,63768116;y18;wvb;r2;b4;196;RGS200;D37OTT13;;;;;;;;;;
92,46376812;y18;wvb;r2;b1;51;RGS201;ANTMER01;;;;;;;;;;
76,23188406;y18;wvb;r2;b5;283;RGS202;ANTMER02;;;;;;;;;;
95,36231884;y18;wvb;r2;b2;118;RGS203;ANTMER03;;;;;;;;;;
90,14492754;y18;wvb;r2;b2;111;RGS204;ANTMER04;;;;;;;;;;
104,057971;y18;wvb;r2;b2;105;RGS205;ANTMER05;;;;;;;;;;
100;y18;wvb;r2;b3;153;RGS206;ANTMER06;;;;;;;;;;
101,1594203;y18;wvb;r2;b4;236;RGS207;ANTMER07;;;;;;;;;;
90,72463768;y18;wvb;r2;b3;129;RGS208;ANTMER08;;;;;;;;;;
93,62318841;y18;wvb;r2;b5;249;RGS209;ANTMER09;;;;;;;;;;
97,10144928;y18;wvb;r2;b1;54;RGS210;ANTMER10;;;;;;;;;;
92,46376812;y18;wvb;r2;b3;144;RGS211;ANTMER11;;;;;;;;;;
95,07246377;y18;wvb;r2;b3;121;RGS212;ANTMER12;;;;;;;;;;
91,88405797;y18;wvb;r2;b3;133;RGS213;ANTMER13;;;;;;;;;;
89,27536232;y18;wvb;r2;b3;139;RGS214;ANTMER14;;;;;;;;;;
88,98550725;y18;wvb;r2;b1;39;RGS215;ANTMER15;;;;;;;;;;
88,4057971;y18;wvb;r2;b1;50;RGS216;ANTMER16;;;;;;;;;;
94,7826087;y18;wvb;r2;b2;88;RGS217;ANTQUA01;;;;;;;;;;
90,14492754;y18;wvb;r2;b2;69;RGS218;ANTQUA02;;;;;;;;;;
94,20289855;y18;wvb;r2;b5;295;RGS219;ANTQUA03;;;;;;;;;;
93,62318841;y18;wvb;r2;b5;288;RGS220;ANTQUA04;;;;;;;;;;
89,85507246;y18;wvb;r2;b3;132;RGS221;ANTQUA05;;;;;;;;;;
104,6376812;y18;wvb;r2;b3;122;RGS222;ANTQUA06;;;;;;;;;;
93,91304348;y18;wvb;r2;b3;127;RGS223;ANTQUA07;;;;;;;;;;
100,8695652;y18;wvb;r2;b2;102;RGS224;ANTQUA08;;;;;;;;;;
95,07246377;y18;wvb;r2;b1;26;RGS225;ANTQUA09;;;;;;;;;;
96,52173913;y18;wvb;r2;b3;172;RGS226;ANTQUA10;;;;;;;;;;
95,36231884;y18;wvb;r2;b2;63;RGS227;ANTQUA11;;;;;;;;;;
89,85507246;y18;wvb;r2;b4;217;RGS228;ANTQUA12;;;;;;;;;;
89,85507246;y18;wvb;r2;b3;123;RGS229;ANTETI01;;;;;;;;;;
92,46376812;y18;wvb;r2;b2;68;RGS230;ANTETI02;;;;;;;;;;
93,33333333;y18;wvb;r2;b4;194;RGS231;ANTETI03;;;;;;;;;;
93,91304348;y18;wvb;r2;b4;195;RGS232;ANTETI04;;;;;;;;;;
97,68115942;y18;wvb;r2;b3;158;RGS233;ANTETI05;;;;;;;;;;
91,88405797;y18;wvb;r2;b2;84;RGS234;ANTETI06;;;;;;;;;;
84,63768116;y18;wvb;r2;b4;204;RGS235;ANTETI07;;;;;;;;;;
91,5942029;y18;wvb;r2;b4;231;RGS236;ANTETI08;;;;;;;;;;
81,44927536;y18;wvb;r2;b4;210;RGS237;ANTETI09;;;;;;;;;;
93,62318841;y18;wvb;r2;b1;28;RGS238;ANTETI10;;;;;;;;;;
89,56521739;y18;wvb;r2;b3;140;RGS239;ANTETI11;;;;;;;;;;
95,36231884;y18;wvb;r2;b2;66;RGS240;ANTETI12;;;;;;;;;;
97,39130435;y18;wvb;r2;b1;58;RGS241;ANTETI13;;;;;;;;;;
95,07246377;y18;wvb;r2;b1;18;RGS242;ANTETI14;;;;;;;;;;
94,20289855;y18;wvb;r2;b1;40;RGS243;ANTETI15;;;;;;;;;;
95,36231884;y18;wvb;r2;b2;103;RGS244;ANTETI16;;;;;;;;;;
96,52173913;y18;wvb;r2;b5;261;RGS245;ANTETI17;;;;;;;;;;
92,17391304;y18;wvb;r2;b2;112;RGS246;ANTETI18;;;;;;;;;;
93,04347826;y18;wvb;r2;b1;31;RGS247;ANTOTT01;;;;;;;;;;
90,14492754;y18;wvb;r2;b1;22;RGS248;ANTOTT02;;;;;;;;;;
101,4492754;y18;wvb;r2;b3;163;RGS249;ANTOTT03;;;;;;;;;;
93,62318841;y18;wvb;r2;b1;36;RGS250;ANTOTT04;;;;;;;;;;
82,31884058;y18;wvb;r2;b1;59;RGS251;101;;;;;;;;;;
76,52173913;y18;wvb;r2;b2;113;RGS252;146;;;;;;;;;;
79,13043478;y18;wvb;r2;b3;161;RGS253;D33;;;;;;;;;;
79,71014493;y18;wvb;r2;b4;215;RGS254;D37;;;;;;;;;;
97,39130435;y18;wvb;r2;b5;287;RGS255;OTT;;;;;;;;;;
90,72463768;y18;wvb;r2;b1;23;RGS256;ANT;;;;;;;;;;
95,07246377;y18;wvb;r2;b2;89;RGS257;MER;;;;;;;;;;
95,36231884;y18;wvb;r2;b3;137;RGS258;ETI;;;;;;;;;;
96,23188406;y18;wvb;r2;b4;185;RGS259;JEN;;;;;;;;;;
91,88405797;y18;wvb;r2;b5;251;RGS260;QUA;;;;;;;;;;
95,07246377;y18;wvb;r2;b1;47;RGS251;101;;;;;;;;;;
78,26086957;y18;wvb;r2;b2;119;RGS252;146;;;;;;;;;;
83,47826087;y18;wvb;r2;b3;173;RGS253;D33;;;;;;;;;;
78,26086957;y18;wvb;r2;b4;221;RGS254;D37;;;;;;;;;;
103,4782609;y18;wvb;r2;b5;275;RGS255;OTT;;;;;;;;;;
92,46376812;y18;wvb;r2;b1;11;RGS256;ANT;;;;;;;;;;
100,8695652;y18;wvb;r2;b2;83;RGS257;MER;;;;;;;;;;
96,8115942;y18;wvb;r2;b3;149;RGS258;ETI;;;;;;;;;;
95,94202899;y18;wvb;r2;b4;197;RGS259;JEN;;;;;;;;;;
93,91304348;y18;wvb;r2;b5;245;RGS260;QUA;;;;;;;;;;
102,0289855;y18;wvb;r2;b1;35;RGS251;101;;;;;;;;;;
74,20289855;y18;wvb;r2;b2;107;RGS252;146;;;;;;;;;;
85,50724638;y18;wvb;r2;b3;179;RGS253;D33;;;;;;;;;;
74,7826087;y18;wvb;r2;b4;233;RGS254;D37;;;;;;;;;;
95,36231884;y18;wvb;r2;b5;281;RGS255;OTT;;;;;;;;;;
91,5942029;y18;wvb;r2;b1;5;RGS256;ANT;;;;;;;;;;
104,6376812;y18;wvb;r2;b2;71;RGS257;MER;;;;;;;;;;
80,57971014;y18;wvb;r2;b3;143;RGS258;ETI;;;;;;;;;;
104,057971;y18;wvb;r2;b4;209;RGS259;JEN;;;;;;;;;;
101,1594203;y18;wvb;r2;b5;257;RGS260;QUA;;;;;;;;;;
99,42028986;y18;wvb;r2;b1;41;RGS251;101;;;;;;;;;;
84,63768116;y18;wvb;r2;b2;95;RGS252;146;;;;;;;;;;
81,44927536;y18;wvb;r2;b3;167;RGS253;D33;;;;;;;;;;
73,91304348;y18;wvb;r2;b4;239;RGS254;D37;;;;;;;;;;
98,26086957;y18;wvb;r2;b5;293;RGS255;OTT;;;;;;;;;;
84,34782609;y18;wvb;r2;b1;17;RGS256;ANT;;;;;;;;;;
103,4782609;y18;wvb;r2;b2;65;RGS257;MER;;;;;;;;;;
88,98550725;y18;wvb;r2;b3;131;RGS258;ETI;;;;;;;;;;
100,2898551;y18;wvb;r2;b4;203;RGS259;JEN;;;;;;;;;;
95,07246377;y18;wvb;r2;b5;269;RGS260;QUA;;;;;;;;;;
93,91304348;y18;wvb;r2;b1;53;RGS251;101;;;;;;;;;;
76,8115942;y18;wvb;r2;b2;101;RGS252;146;;;;;;;;;;
95,07246377;y18;wvb;r2;b3;155;RGS253;D33;;;;;;;;;;
73,33333333;y18;wvb;r2;b4;227;RGS254;D37;;;;;;;;;;
100,2898551;y18;wvb;r2;b5;299;RGS255;OTT;;;;;;;;;;
97,97101449;y18;wvb;r2;b1;29;RGS256;ANT;;;;;;;;;;
98,26086957;y18;wvb;r2;b2;77;RGS257;MER;;;;;;;;;;
94,7826087;y18;wvb;r2;b3;125;RGS258;ETI;;;;;;;;;;
92,17391304;y18;wvb;r2;b4;191;RGS259;JEN;;;;;;;;;;
100;y18;wvb;r2;b5;263;RGS260;QUA;;;;;;;;;;
;;;;;;;;;;;;;;;;;
;;;;;;;;;;;;;;;;;
;;;;;;;;;;;;;;;;;
;;;;;;;;;;;;;;;;;
;;;;;;;;;;;;;;;;;
;;;;;;;;;;;;;;;;;
;;;;;;;;;;;;;;;;;
;;;;;;;;;;;;;;;;;
;;;;;;;;;;;;;;;;;
;;;;;;;;;;;;;;;;;
;;;;;;;;;;;;;;;;;
;;;;;;;;;;;;;;;;;
;;;;;;;;;;;;;;;;;
;;;;;;;;;;;;;;;;;
;;;;;;;;;;;;;;;;;
;;;;;;;;;;;;;;;;;
;;;;;;;;;;;;;;;;;
;;;;;;;;;;;;;;;;;
;;;;;;;;;;;;;;;;;
;;;;;;;;;;;;;;;;;
;;;;;;;;;;;;;;;;;
;;;;;;;;;;;;;;;;;
;;;;;;;;;;;;;;;;;
;;;;;;;;;;;;;;;;;
;;;;;;;;;;;;;;;;;
;;;;;;;;;;;;;;;;;
;;;;;;;;;;;;;;;;;
;;;;;;;;;;;;;;;;;
;;;;;;;;;;;;;;;;;
;;;;;;;;;;;;;;;;;
;;;;;;;;;;;;;;;;;
;;;;;;;;;;;;;;;;;
;;;;;;;;;;;;;;;;;
;;;;;;;;;;;;;;;;;
;;;;;;;;;;;;;;;;;
;;;;;;;;;;;;;;;;;
;;;;;;;;;;;;;;;;;
;;;;;;;;;;;;;;;;;
